Metric,real_mean,synthetic_mean,t_p_value,ks_p_value
mean_k,0.17169081345200535,0.15410590637475252,0.0038125275488201833,0.004829641738898452
mean_dp/dy,0.00040952940325946,0.00040320444577441483,0.1639086009268342,0.00041360886087170984
flowrate,0.0008210078231058601,0.0008064154453676991,0.11685016967448696,0.00020421367363283155
porosity,0.42786712646484376,0.11805617809295654,8.84135285327727e-22,7.340046692632209e-25
anisotropy,1.0046871215105058,1.0000632139854133,0.06558689458498033,0.2541912827534352
