Metric,real_mean,synthetic_mean,t_p_value,ks_p_value
mean_k,0.24740325822494924,0.11685940132883842,4.159747027831539e-31,1.791826326926973e-50
mean_dp/dy,0.0002522275062801281,0.00781435046997098,2.5198353521701852e-21,1.4015746807558354e-31
flowrate,0.0005062190316493313,0.01562712908253156,2.5390135826992866e-21,1.4015746807558354e-31
porosity,0.9904192820231976,0.527519702911377,2.252937032828302e-22,6.528529690746657e-24
anisotropy,1.0085214050486684,0.9998133992776275,6.330534634472809e-13,7.155550747213966e-13
