Metric,real_mean,synthetic_mean,t_p_value,ks_p_value
mean_k,0.24740325822494924,0.09455214253102895,1.1517418970575446e-48,2.756655887579958e-52
mean_dp/dy,0.0002526468647374234,0.007832785091068167,2.2581054092515906e-21,1.4015746807558354e-31
flowrate,0.0005071752211733328,0.015661167517009696,2.264648997479769e-21,1.4015746807558354e-31
porosity,0.9904192820231976,0.45612072944641113,5.809157240877867e-33,1.5411084739515766e-47
anisotropy,1.009190633893013,1.0011203880421817,2.5913806209274677e-12,1.892944141096415e-11
