Metric,real_mean,synthetic_mean,t_p_value,ks_p_value
mean_k,0.24740325822494924,0.08652310395367843,2.486508124904083e-57,1.8425316554290913e-52
mean_dp/dy,0.0002527534959426172,0.007765504129072093,2.4742614372257375e-21,9.632841184240599e-32
flowrate,0.0005072338590252328,0.015540795476995216,2.4867805547651112e-21,9.632841184240599e-32
porosity,0.9904192820231976,0.42980625832727715,4.0167432941392685e-38,1.19764557602891e-50
anisotropy,1.0083611262962222,1.001561095086179,1.4887781202104168e-08,2.4622767288275133e-09
