Metric,real_mean,synthetic_mean,t_p_value,ks_p_value
mean_k,0.24740325822494924,0.1187714107654756,7.100629453356258e-30,6.260365520694092e-49
mean_dp/dy,0.0002524536344025812,0.007816852209543819,2.552029658454374e-21,1.4015746807558354e-31
flowrate,0.0005069008998361282,0.015634752752703162,2.5830808932614885e-21,1.4015746807558354e-31
porosity,0.9904192820231976,0.5305100679397583,5.430951720255053e-22,9.975786691871005e-22
anisotropy,1.008974201977253,0.9994548824615777,1.4082197069432132e-15,6.574862804371855e-17
