Metric,real_mean,synthetic_mean,t_p_value,ks_p_value
mean_k,0.24740325822494924,0.07146817363452074,1.6642418048461297e-75,1.8425316554290913e-52
mean_dp/dy,0.0002522727795621484,0.007780079297809777,2.1325127169587178e-21,5.430641745762759e-34
flowrate,0.0005063408025307078,0.015558503397159197,2.1519895992115873e-21,5.430641745762759e-34
porosity,0.9858793642188091,0.055466407953306686,1.768503968529632e-232,1.8425316554290913e-52
anisotropy,1.0085094654932618,0.9994073565616164,1.6763913207531667e-14,9.746954533078848e-13
